<?xml version="1.0" encoding="UTF-8"?>
<metadata xml:lang="en"><Esri><CreaDate>20170707</CreaDate><CreaTime>17294300</CreaTime><ArcGISFormat>1.0</ArcGISFormat><SyncOnce>TRUE</SyncOnce><DataProperties><lineage><Process ToolSource="c:\program files (x86)\arcgis\desktop10.2\ArcToolbox\Toolboxes\Conversion Tools.tbx\RasterToASCII" Date="20170707" Time="172943">RasterToASCII sco_kielptch4 "C:\Users\traip\Dropbox\Lynx\lynx GIS patches 030717\lynxpatchesprojectCopy\sco_kielpatch4.ASC"</Process></lineage></DataProperties></Esri></metadata>
